Source,Toxicity,Severe Toxicity,Obscene,Threat,Insult,Identity Attack
Stack Overflow,0.01351502,0.00010889,0.00652675,0.00142891,0.00275899,0.00014656
Twitter,0.21459900,0.02547500,0.16054000,0.02576100,0.10245400,0.04321200
Instagram,0.11497370,0.00825845,0.07342841,0.01106828,0.03945060,0.01440617
Reddit,0.25579780,0.03348364,0.21697050,0.02977271,0.12540560,0.03513255
