Source,Toxicity,Severe Toxicity,Obscene,Threat,Insult,Identity Attack
Stack Overflow,0.00237574,0.00010812,0.00040795,0.00013680,0.00025939,0.00014590
Twitter,0.07844300,0.00320400,0.03729100,0.00200100,0.02077500,0.00397800
Instagram,0.03639993,0.00058030,0.01010017,0.00065369,0.00500877,0.00105449
Reddit,0.10203560,0.00572250,0.06635959,0.00263226,0.03121917,0.00387299
