Word,StackOverflow,Reddit,Twitter,Instagram,All Platform
fuck,0.216556243,262.1594885,58.40683443,31.12852947,87.97785215
shit,0.948577347,186.1145247,99.26828691,18.54882609,76.22005375
damn,2.403469292,47.0106589,78.26538035,21.61356969,37.32326956
ass,2.647476327,51.00136006,69.16271353,17.8093676,35.15522938
hell,7.207357788,53.26662702,41.49251738,14.70898745,29.16887241
bitch,0.186055364,18.3893701,26.4847274,4.240749864,12.32522568
nigga,0.021350616,1.576395922,45.17002588,0.596912271,11.84117117
dick,0.857074709,28.70117179,8.273838616,0.801822453,9.658476892
fk,14.25306092,5.264997633,0,0,4.879514637
pussy,0.033550967,6.518030289,5.915122437,0.365274673,3.207994592
