Word,StackOverflow,Reddit,Twitter,Instagram,All Platform
ass,2.647476327,504.4599131,69.16271353,859.2062136,358.8690791
b*tch,0,0.07317818,0,0,0.018294545
bitch,0.186055364,26.69413569,26.4847274,17.57773,17.73566211
blowjob,0,1.74018478,0.108880916,0.044545692,0.473402847
cock,0.061001759,14.27625832,1.147693741,57.21448662,18.17486011
cum,2.250964895,54.3160251,3.187544379,73.00147981,33.18900355
cunt,0.003050088,10.66006852,0.476631767,0.463275195,2.900756393
d*ck,0.003050088,0.038121617,0.166654464,0.035636553,0.060865681
damn,2.403469292,62.1851698,78.26538035,42.12240622,46.24410641
dick,0.857074709,38.19345449,8.273838616,6.539307564,13.46591884
f**k,0.024400703,0.200377948,0.41552513,0.810731592,0.362758843
f*ck,0.030500879,0.457459407,1.286572461,2.325285115,1.024954466
fag,0.140304045,4.428620844,0.569958266,2.637104958,1.943997028
fk,14.25306092,5.264997633,0,0,4.879514637
fuck,0.216556243,262.1594885,58.40683443,31.12852947,87.97785215
fvck,0,0.044826424,0.012221327,0.258365013,0.078853191
hell,7.207357788,74.7141554,41.49251738,185.8268081,77.31020967
n****,0.036601055,0.279686237,0.04666325,0.071273107,0.108555912
n***a,0,0.011302389,0.035552952,0.026727415,0.018395689
nigga,0.021350616,1.967190391,45.17002588,1.683827152,12.21059851
nigger,0,3.65392828,0.329975838,0.124727937,1.027158014
p*ssy,0,0.010919257,0,0,0.002729814
piss,0.155554485,26.10564519,2.743132475,3.848747776,8.213269982
pussy,0.033550967,6.961888517,5.915122437,1.648190599,3.63968813
puta,0.024400703,8.88252839,0.157766226,4.053657959,3.279588319
s**t,0.024400703,0.097698617,0.099992678,0.178182767,0.100068692
sh*t,0.07320211,0.368381256,1.768759376,2.993470492,1.300953309
shit,0.948577347,268.384806,99.26828691,46.808613,103.8525708
slut,0.115903341,3.438991323,0.807718635,1.817464228,1.545019382
tit,0.527665213,169.9860155,0.177764761,276.2545626,111.736502
whore,0.009150264,5.002552328,1.576551228,1.30964334,1.97447429
