Word,StackOverflow,Reddit,Twitter,Instagram,All Platform
ass,2.647476327,504.4599131,69.16271353,859.2062136,358.8690791
bitch,0.186055364,26.69413569,26.4847274,17.57773,17.73566211
cock,0.061001759,14.27625832,1.147693741,57.21448662,18.17486011
cum,2.250964895,54.3160251,3.187544379,73.00147981,33.18900355
damn,2.403469292,62.1851698,78.26538035,42.12240622,46.24410641
dick,0.857074709,38.19345449,8.273838616,6.539307564,13.46591884
fuck,0.216556243,262.1594885,58.40683443,31.12852947,87.97785215
hell,7.207357788,74.7141554,41.49251738,185.8268081,77.31020967
shit,0.948577347,268.384806,99.26828691,46.808613,103.8525708
tit,0.527665213,169.9860155,0.177764761,276.2545626,111.736502
