Source,toxicity,severe_toxicity,obscene,threat,insult,identity_attack
Reddit,0.00776,0.0001,0.00064,0.00011,0.00041,0.00019
Reddit,0.00068,0.00012,0.00017,0.00013,0.00018,0.00015
Reddit,0.00063,0.00012,0.00018,0.00012,0.00018,0.00015
Reddit,0.00114,0.0001,0.00019,0.0001,0.0002,0.00015
Reddit,0.02597,0.00011,0.00069,0.00027,0.00094,0.00037
Reddit,0.00079,0.00012,0.00017,0.00014,0.00019,0.00015
Reddit,0.00105,0.00011,0.0002,0.00012,0.00019,0.00015
Reddit,0.00062,0.00012,0.00017,0.00013,0.00018,0.00014
Reddit,0.00083,0.00011,0.00018,0.00012,0.00019,0.00014
Reddit,0.98907,0.16627,0.97917,0.00449,0.21108,0.00321
Reddit,0.16282,0.00028,0.00279,0.00189,0.00318,0.00088
Reddit,0.60141,0.01825,0.62136,0.02433,0.24925,0.02045
Reddit,0.00235,9e-05,0.00024,0.00011,0.00026,0.00017
Reddit,0.35495,0.0023,0.1179,0.00494,0.06301,0.00691
Reddit,0.00075,0.00011,0.00018,0.00011,0.00018,0.00014
Reddit,0.5883,0.00204,0.16012,0.00179,0.0212,0.00217
Reddit,0.0006,0.00013,0.00018,0.00015,0.00018,0.00015
Reddit,0.01156,0.00011,0.00068,0.00011,0.00053,0.00021
Reddit,0.00059,0.00012,0.00018,0.00013,0.00018,0.00014
Reddit,0.00109,0.0001,0.0002,0.00011,0.00019,0.00014
Reddit,0.39591,0.00046,0.00736,0.00164,0.023,0.00309
Reddit,0.55323,0.00207,0.19466,0.00048,0.25586,0.00309
Reddit,0.00098,0.0001,0.00018,0.0001,0.00019,0.00014
Reddit,0.00068,0.00011,0.00018,0.00011,0.00018,0.00014
